headline,link,date
Magnificent Seven Stocks To Buy And Watch: Nvidia Stock Rallies Near Record Highs,https://finance.yahoo.com/m/4205eaa9-f620-3a0b-a81a-0e82c7c9fd0b/magnificent-seven-stocks-to.html,Today 12:23PM
Jim Cramer Says You Should Avoid These 11 Stocks,https://finance.yahoo.com/news/jim-cramer-says-avoid-11-154514272.html,11:45AM
"These Stocks Are Moving the Most Today: Boeing, United Airlines, Intel, AMD, Micron, Rivian, Lucid, Apple, and More",https://finance.yahoo.com/m/ef62b59f-2890-3f7a-a717-c1e0f07d088a/these-stocks-are-moving-the.html,11:17AM
Nvidia Has a Secret Weapon to Keep Growing Long Into the Future,https://finance.yahoo.com/m/cc99c582-04fa-3d85-a20d-d5799c68b6f1/nvidia-has-a-secret-weapon-to.html,10:31AM
"Intel, AMD Fall on Report China to Limit Use of US Chips",https://finance.yahoo.com/news/intel-amd-fall-report-china-141653114.html,10:16AM
10 Best Stocks To Buy For Grandchildren,https://www.insidermonkey.com/blog/10-best-stocks-to-buy-for-grandchildren-1253961/,10:00AM
"China Aims To Phase Out AMD, Intel Chips From Government Computers: Financial Times",https://finance.yahoo.com/m/d69f0813-e859-3b9e-bf76-1b9c2971232a/china-aims-to-phase-out-amd%2C.html,09:35AM
Is Salesforce Stock A Buy Amid Expectations For AI Boost?,https://finance.yahoo.com/m/9944e128-5b78-31bc-8325-c3308553d527/is-salesforce-stock-a-buy.html,09:01AM
"EU Opens Investigations Into Apple, Meta, and Alphabet Under New Tech Law",https://www.investopedia.com/eu-opens-investigations-into-apple-meta-alphabet-under-new-tech-law-8619704,08:52AM
"MSFT Stock Alert: Microsoft Hits Record High, but Remains a Buy",https://investorplace.com/2024/03/msft-stock-alert-microsoft-hits-record-high-but-remains-a-buy/,08:26AM
Why The Shelf Pattern Is The Perfect Pyramiding Tool In Growth Stocks,https://finance.yahoo.com/m/5c44295e-3d21-38ea-8d92-9ecdb931546c/why-the-shelf-pattern-is-the.html,08:00AM
5 Things to Know Before the Stock Market Opens,https://www.investopedia.com/5-things-to-know-before-the-stock-market-opens-march-25-2024-8619663,07:37AM
Best Stocks To Buy And Watch Now: Palantir Headlines 5 Top Tech Stocks For March,https://finance.yahoo.com/m/6fa55a71-2a5c-3c7c-852c-8da7ea2d36ba/best-stocks-to-buy-and-watch.html,07:35AM
"Intel, AMD fall on report China blocks U.S. chips in state computers",https://finance.yahoo.com/news/intel-amd-fall-report-china-103944015.html,06:39AM
"Billionaire Stan Druckenmiller Has 21% of His Portfolio Invested in 2 ""Magnificent Seven"" Stocks",https://finance.yahoo.com/m/5401a7bf-0602-32b5-a2c1-8f9bc15f468e/billionaire-stan.html,05:37AM
"The biggest AI-based companies right now, by market cap",https://qz.com/top-us-based-ai-companies-market-cap-microsoft-nvidia-1851359228,05:24AM
"The Best Stocks to Invest $10,000 in Right Now",https://finance.yahoo.com/m/fde7baa5-fb58-3e6f-b639-6d8073e425d6/the-best-stocks-to-invest.html,03:55AM
"Beijing reportedly doesnt want Intel, AMD or Microsoft on its government computers as its drive for tech self-sufficiency picks up",https://finance.yahoo.com/news/beijing-reportedly-doesn-t-want-073122141.html,03:31AM
11 Stocks That Will Profit From AI Evolution,https://www.insidermonkey.com/blog/11-stocks-that-will-profit-from-ai-evolution-1271386/,Mar-24-24 03:59PM
China wants Microsoft and Intel off its computers,https://qz.com/china-wants-microsoft-and-intel-off-its-computers-1851361793,12:45PM
20 Best Websites and Blogs For ETF Research,https://www.insidermonkey.com/blog/20-best-websites-and-blogs-for-etf-research-1271035/,12:31PM
11 Best Small Cap AI Stocks To Buy Now,https://www.insidermonkey.com/blog/11-best-small-cap-ai-stocks-to-buy-now-1272473/,10:59AM
Artificial Intelligence (AI) Chipmakers vs. Software Companies: Here Are My Picks,https://finance.yahoo.com/m/f77d12e5-79e5-3fc3-bbde-f3f24fc6cafc/artificial-intelligence-%28ai%29.html,10:43AM
16 Most Undervalued Large Cap Stocks To Buy According To Analysts,https://www.insidermonkey.com/blog/16-most-undervalued-large-cap-stocks-to-buy-according-to-analysts-1277464/,10:42AM
12 Best Data Center Stocks To Buy According to Analysts,https://www.insidermonkey.com/blog/12-best-data-center-stocks-to-buy-according-to-analysts-1276553/,10:01AM
13 Best Stocks to Buy and Hold According to Bill Gates' Portfolio,https://www.insidermonkey.com/blog/13-best-stocks-to-buy-and-hold-according-to-bill-gates-portfolio-1279112/,08:16AM
"Here's My Top ""Magnificent Seven"" Stock for Long-Term Investors to Buy Right Now",https://finance.yahoo.com/m/16daba84-23cf-3c2f-bec4-01245fff2c8e/here%27s-my-top-%22magnificent.html,08:03AM
A Once-in-a-Generation Investment Opportunity: 1 Warren Buffett Artificial Intelligence (AI) Stock to Keep an Eye On,https://finance.yahoo.com/m/f5e25a2b-bf2a-32be-a5ad-54a4e9825284/a-once-in-a-generation.html,07:30AM
"If the ""Magnificent Seven"" Is So Great, Then Why Is Tesla the Worst-Performing S&P 500 Stock in 2024?",https://finance.yahoo.com/m/6d5c9565-548b-3938-ad43-3fd1b02a64cf/if-the-%22magnificent-seven%22-is.html,07:15AM
"3 Hot Artificial Intelligence (AI) Stocks to Buy With $1,000 and Hold Forever",https://finance.yahoo.com/m/aabb32c6-533a-30e9-8c8b-a57661547f3e/3-hot-artificial-intelligence.html,07:00AM
"59% of This Vanguard ETF Is Invested in the ""Magnificent Seven"" Stocks. Is It a No-Brainer Buy Right Now?",https://finance.yahoo.com/m/ac3346a8-c359-39d6-ab07-5127990253b0/59%25-of-this-vanguard-etf-is.html,06:50AM
"This Is the Next ""Magnificent Seven"" Stock to Pay a Dividend (and It Could Be the Biggest of the Bunch)",https://finance.yahoo.com/m/32d96783-38f4-3a02-beda-80cc6292a323/this-is-the-next-%22magnificent.html,06:00AM
Chipotle Announced a Massive Stock Split Here's Why,https://www.investopedia.com/chipotle-announced-a-massive-stock-split-here-is-why-8613164,06:00AM
A Once-in-a-Generation Investment Opportunity: 1 Artificial Intelligence (AI) Growth Stock to Buy Now and Hold Forever,https://finance.yahoo.com/m/ec76ce4d-9310-31b1-8ea9-d9fd833fe5ca/a-once-in-a-generation.html,05:15AM
"Microsofts Steve Ballmer was once Bill Gates assistant, now hes the 6th richest person in the world. Here are his 5 tips for success",https://finance.yahoo.com/news/microsoft-steve-ballmer-once-bill-090000625.html,05:00AM
"Microsoft Stock Still Has Upside After Its Recent Surge, According to 1 Wall Street Analyst. Is the Stock a Buy Near Its All-Time High?",https://finance.yahoo.com/m/e8544bb6-baa6-3502-aaff-0c4812918f1b/microsoft-stock-still-has.html,03:00AM
Is Oracle a Top Cloud Stock for 2024?,https://finance.yahoo.com/m/7dd64106-80ee-3ffc-a3d2-867972c41e61/is-oracle-a-top-cloud-stock.html,Mar-23-24 04:10PM
"If There Was a ""Magnificent Seven"" for Dividend Stocks, These Would Be My Top Picks",https://finance.yahoo.com/m/7d01651f-392b-3ecc-ab68-90e542021231/if-there-was-a-%22magnificent.html,11:16AM
1 Hidden Trend Has Dominated the Stock Market but Can't Last Forever. Here's How You Can Keep Your Portfolio Safe.,https://finance.yahoo.com/m/4250d8f1-0475-3a6f-bac3-fc7c8e87fd5f/1-hidden-trend-has-dominated.html,08:10AM
3 Top Gaming Stocks to Buy in March,https://finance.yahoo.com/m/a08912bb-9e27-34ca-8a26-37f1295c9901/3-top-gaming-stocks-to-buy-in.html,07:45AM
"Here Are the Only ""Magnificent Seven"" Stocks Billionaires Warren Buffett and David Tepper Both Own",https://finance.yahoo.com/m/811c839e-6c98-37e5-a101-3f9b8aff0840/here-are-the-only.html,05:50AM
Ghost of Microsoft Stalks Apple as DOJ Takes Its Shot,https://finance.yahoo.com/m/e5ab8540-2a67-3178-9ecf-a9ebe5dbdf25/ghost-of-microsoft-stalks.html,05:30AM
3 Reasons to Buy Nvidia Stock Like There's No Tomorrow,https://finance.yahoo.com/m/fb565011-97eb-3e2b-b9ae-426c871e5e33/3-reasons-to-buy-nvidia-stock.html,04:20AM
"This ""Magnificent Seven"" Stock Just Hit an All-Time High for All the Right Reasons",https://finance.yahoo.com/m/66c01394-c061-39cd-9f65-644fa2e72247/this-%22magnificent-seven%22.html,Mar-22-24 05:05PM
Is Intel Stock a Buy?,https://finance.yahoo.com/m/217ba445-0a2b-3ce8-9a88-63b4ee2f325b/is-intel-stock-a-buy%3F.html,04:00PM
How Microsoft has been dodging regulatory trouble amid broader big tech headwinds,https://www.youtube.com/watch?v=zHVF7z8eWv8,03:15PM
"Nvidia-Backed SoundHound AI Tumbled This Week on Short-Selling Report, Downgrade",https://www.investopedia.com/nvidia-backed-soundhound-ai-tumbled-this-week-on-short-selling-report-downgrade-8613234,02:13PM
"Stock Market Rallies To Record Highs On Dovish Fed, AI Optimism: Weekly Review",https://finance.yahoo.com/m/d8429aed-c5b1-33b0-89bb-b4591390785f/stock-market-rallies-to.html,12:04PM
"Reddit Stock Falls After Post-IPO Surge, and Other Technology News Today",https://finance.yahoo.com/m/59a04915-c262-3003-9f76-4df7ff25032a/reddit-stock-falls-after.html,11:40AM
AI monetization: How this Mag 7 name 'puts revenue on the board',https://finance.yahoo.com/video/ai-monetization-mag-7-name-144840185.html,10:48AM
Analysts say the DOJ suit against Apple will 'prove to be noise',https://finance.yahoo.com/m/32c8542d-5c8a-3d0c-a9d0-4a713b6bcd6b/analysts-say-the-doj-suit.html,10:48AM
3 Stocks I'm Adding to My Retirement Account in March,https://finance.yahoo.com/m/22a71e92-cf75-385d-bc9e-09ce2258a70b/3-stocks-i%27m-adding-to-my.html,10:45AM
Apples Business Model Getting Hit From All Sides Now,https://finance.yahoo.com/m/ac0265a9-6b51-36f3-a96c-e80eb061c161/apple%E2%80%99s-business-model.html,10:00AM
"Microsoft Deal, Apple-Google Talks Show Tech Giants Need AI Help",https://finance.yahoo.com/news/tech-giants-seek-partnerships-talent-090026526.html,09:03AM
Microsoft (MSFT) Unveils Innovations for the New Era of Work,https://www.zacks.com/stock/news/2244719/microsoft-msft-unveils-innovations-for-the-new-era-of-work,08:17AM
3 Dividend-Paying Tech Stocks to Buy Right Now,https://finance.yahoo.com/m/f4c03011-bf6e-3d9e-9790-7b59cf5061a3/3-dividend-paying-tech-stocks.html,07:46AM
"Apple antitrust suit mirrors strategy that beat Microsoft, but tech industry has changed",https://finance.yahoo.com/news/analysis-apple-antitrust-suit-mirrors-100156171.html,06:01AM
"Billionaire David Tepper Is Selling Alphabet and Nvidia Hand Over Fist, but Is Buying These ""Magnificent Seven"" Stocks",https://finance.yahoo.com/m/efc1522e-d811-33c4-8917-e114eefe0a37/billionaire-david-tepper-is.html,05:50AM
1 Artificial Intelligence (AI) Growth Stock Created Many Millionaires and Will Continue to Make More,https://finance.yahoo.com/m/87976100-e18a-3153-ac24-3aa77d1011b5/1-artificial-intelligence.html,05:29AM
"This ""Magnificent Seven"" Stock Is a Favorite Among Hedge Funds. Is It a Buy?",https://finance.yahoo.com/m/13373c85-3562-3d17-89d6-b0a693f4c4ab/this-%22magnificent-seven%22.html,04:35AM
Microsoft Taiwan unveils Model-as-a-Service and teases data center launch,https://www.digitimes.com/news/a20240320PD209/microsoft-taiwan-data-center-ai-azure-copilot-openai.html,03:24AM
20 Countries with the Most Social Media Users,https://www.insidermonkey.com/blog/20-countries-with-the-most-social-media-users-1276903/,02:24AM
15 Industries Which Produce the Most Billionaires,https://www.insidermonkey.com/blog/15-industries-which-produce-the-most-billionaires-1277876/,01:10AM
15 Best Duolingo Alternatives to Boost Your Language Skills,https://www.insidermonkey.com/blog/15-best-duolingo-alternatives-to-boost-your-language-skills-1277596/,Mar-21-24 11:01PM
Inflection AI Plans Pivot After Microsoft Hirings,https://finance.yahoo.com/news/inflection-ai-plans-pivot-most-214440697.html,08:17PM
"Here's how Microsoft is providing a 'good outcome' for Inflection AI VCs, as Reid Hoffman promised",https://finance.yahoo.com/m/874b1291-b1bf-370f-9de6-46e834c3be65/here%27s-how-microsoft-is.html,06:50PM
TechCrunch Minute: All about Microsoft's mega AI push after it hired Inflection AI's co-founders,https://finance.yahoo.com/m/4ecea9b4-246b-3286-aae2-1e33fc80f13b/techcrunch-minute%3A-all-about.html,06:17PM
Microsoft to Pay Inflection AI $650 Million After Scooping Up Most of Staff,https://finance.yahoo.com/news/microsoft-pay-inflection-ai-650-210933932.html,05:09PM
"Microsoft Unveils AI PCs, Touts Copilot AI Services At 'New Era Of Work' Event",https://finance.yahoo.com/m/a0131b92-c393-3513-ba4c-ae4de991e417/microsoft-unveils-ai-pcs%2C.html,04:50PM
Stocks Hit Record Highs As Dow Gains More Than 250 Points; Nasdaq Closes Near Day's Lows,https://finance.yahoo.com/m/460b1bf5-53d3-3e09-9613-25a80aef66ed/stocks-hit-record-highs-as.html,04:49PM
5 Fascinating Facets of DOJs Apple MonopolyÂ Lawsuit,https://finance.yahoo.com/m/767a10e2-a663-39bb-be01-8a3e95f698c6/5-fascinating-facets-of-doj%E2%80%99s.html,04:40PM
Mustafa Suleyman Brings Knowledge and Past Controversy as He Joins Microsofts AI Effort,https://finance.yahoo.com/m/05089843-9a5c-32bc-9096-19ef3790aac2/mustafa-suleyman-brings.html,04:17PM
Today's Dow Jones Stocks To Watch: Apple Stock Dives On DOJ Lawsuit,https://finance.yahoo.com/m/65b53896-faf4-3a06-9d0d-a63cf3c83192/today%27s-dow-jones-stocks-to.html,03:35PM
"Nasdaq Slashes Gains, Dow Still Leads; Flooring Stock Reaches A High As This Auto Stock Plunges",https://finance.yahoo.com/m/460b1bf5-53d3-3e09-9613-25a80aef66ed/nasdaq-slashes-gains%2C-dow.html,03:29PM
Microsoft really wants to talk about Copilot,https://finance.yahoo.com/m/d02e40d8-4a2f-3a5f-ab89-92853008b95d/microsoft-really-wants-to.html,02:30PM
Microsoft's First AI Surface PC: What Does It Offer?,https://www.investopedia.com/what-microsoft-s-first-ai-pc-offers-8612763,02:29PM
Stocks March Higher; Dow Gets A Lift From This Bank As Financials Make New Highs,https://finance.yahoo.com/m/460b1bf5-53d3-3e09-9613-25a80aef66ed/stocks-march-higher%3B-dow-gets.html,02:10PM
Open-Source Companies Are Sharing Their AI Free. Can They Crack OpenAIs Dominance?,https://finance.yahoo.com/m/c0392740-c435-3de3-8a02-3e0a7ac0a6b2/open-source-companies-are.html,02:10PM
Why the Department of Justice Is Suing Apple,https://www.investopedia.com/why-the-department-of-justice-is-suing-apple-8612745,01:50PM
15 Dorm Room Business Ideas for College Students,https://www.insidermonkey.com/blog/15-dorm-room-business-ideas-for-college-students-1275791/,01:49PM
"UPDATE 2-Microsoft agreed to pay Inflection $650 mln while hiring its staff, source says",https://finance.yahoo.com/news/1-microsoft-agreed-pay-inflection-172241339.html,01:22PM
15 Top Amazon Web Services Alternatives in 2024,https://www.insidermonkey.com/blog/15-top-amazon-web-services-alternatives-in-2024-1276263/,01:17PM
Microsoft launches AI PCs,https://www.youtube.com/watch?v=vGaG88gbxcU,01:08PM
"Microsoft agreed to pay Inflection $650 million while hiring its staff, source says",https://finance.yahoo.com/news/microsoft-agreed-pay-inflection-650-165547758.html,12:55PM
"Microsoft agreed to pay Inflection $650 mln while hiring its staff, Information reports",https://finance.yahoo.com/news/microsoft-agreed-pay-inflection-650-165222425.html,12:52PM
Ukraine opens new front in Minecraft game to tackle alleged Russian misinformation,https://finance.yahoo.com/news/ukraine-opens-front-minecraft-game-164341343.html,12:43PM
20 Largest Companies in the World by Market Cap in 2024,https://www.insidermonkey.com/blog/20-largest-companies-in-the-world-by-market-cap-in-2024-1277095/,12:31PM
"Stocks Remain Strong With Dow, S&P 500 Holding Near Highs; Apple Falls On Lawsuit News",https://finance.yahoo.com/m/460b1bf5-53d3-3e09-9613-25a80aef66ed/stocks-remain-strong-with.html,12:28PM
"Stock Rally Keeps Going With Dow, S&P 500 At New Highs; Micron Soars After Big Surprise",https://finance.yahoo.com/m/460b1bf5-53d3-3e09-9613-25a80aef66ed/stock-rally-keeps-going-with.html,11:06AM
The Hot Buzzword For Cybersecurity Stocks Isn't AI Anymore,https://finance.yahoo.com/m/d9f19484-6677-31c9-a8c4-8b57f3a8e16b/the-hot-buzzword-for.html,11:05AM
Justice Department files antitrust suit against Apple,https://finance.yahoo.com/news/justice-department-files-antitrust-suit-against-apple-145514025.html,10:55AM
"Microsoft, Meta Join Legal Fight Against Apple, and Other Technology News Today",https://finance.yahoo.com/m/34809856-2dcc-337f-8236-30faa7adb85e/microsoft%2C-meta-join-legal.html,10:11AM
11 Stocks that Paid Special Dividends in 2024,https://www.insidermonkey.com/blog/11-stocks-that-paid-special-dividends-in-2024-1274008/,10:09AM
"Microsoft initiated, Broadcom upgraded: Wall Street's top analyst calls",https://finance.yahoo.com/news/microsoft-initiated-broadcom-upgraded-wall-134946862.html,09:49AM
2 Breakout Growth Stocks You Can Buy and Hold for the Next Decade,https://finance.yahoo.com/m/c1d9e113-1be0-3243-8008-5ee5810248ad/2-breakout-growth-stocks-you.html,09:00AM
Jim Cramer Thinks AI Revolution Can Boost These 10 Stocks,https://www.insidermonkey.com/blog/jim-cramer-thinks-ai-revolution-can-boost-these-10-stocks-1277152/,08:19AM
"3 Reasons to Buy This ""Magnificent Seven"" Stock Before It Rises 40%",https://finance.yahoo.com/m/4ff68986-ca18-3467-ac0d-19978b893022/3-reasons-to-buy-this.html,08:15AM
"Can This Beaten-Down Stock Skyrocket More Than the ""Magnificent Seven"" Over the Next 3 Years?",https://finance.yahoo.com/m/35a1c7ef-77b6-3b0f-aecb-7d3662bc64e0/can-this-beaten-down-stock.html,05:05AM
Top 15 Countries to Migrate from India,https://www.insidermonkey.com/blog/top-15-countries-to-migrate-from-india-1276899/,Mar-20-24 08:37PM
"Apple Faces Legal Protest From Meta, Microsoft, X, Spotify and Match",https://finance.yahoo.com/m/a8a92f15-8302-3877-bc65-7798687d8907/apple-faces-legal-protest.html,08:37PM
